<?xml version='1.0' encoding='utf-8'?>
<clients>
	<client>
		<id>1</id>
		<first_name>Auberon</first_name>
		<last_name>Markey</last_name>
		<email>amarkey0@umich.edu</email>
		<gender>Male</gender>
		<phone_number>464-599-3923</phone_number>
		<address>186 Scott Avenue</address>
		<city_id>1</city_id>
	</client>
	<client>
		<id>2</id>
		<first_name>Robin</first_name>
		<last_name>Eck</last_name>
		<email>reck1@dot.gov</email>
		<gender/>
		<phone_number/>
		<address/>
		<city_id/>
	</client>
	<client>
		<id>3</id>
		<first_name>Henderson</first_name>
		<last_name>Hartzog</last_name>
		<email>hhartzog2@facebook.com</email>
		<gender>Male</gender>
		<phone_number>837-905-9266</phone_number>
		<address>8799 Golf View Avenue</address>
		<city_id>13</city_id>
	</client>
	<client>
		<id>4</id>
		<first_name>Quinn</first_name>
		<last_name>Tarrant</last_name>
		<email>qtarrant3@wordpress.org</email>
		<gender>Male</gender>
		<phone_number>503-908-7569</phone_number>
		<address>9896 Monica Terrace</address>
		<city_id>4</city_id>
	</client>
	<client>
		<id>5</id>
		<first_name>Lily</first_name>
		<last_name>D'Alwis</last_name>
		<email>ldalwis4@cbslocal.com</email>
		<gender>Female</gender>
		<phone_number>131-795-8500</phone_number>
		<address>0 Starling Road</address>
		<city_id>13</city_id>
	</client>
	<client>
		<id>6</id>
		<first_name>Hoyt</first_name>
		<last_name>Reppaport</last_name>
		<email>hreppaport5@yandex.ru</email>
		<gender>Male</gender>
		<phone_number>859-606-5504</phone_number>
		<address>19 Esker Place</address>
		<city_id>8</city_id>
	</client>
	<client>
		<id>7</id>
		<first_name>Benita</first_name>
		<last_name>Busen</last_name>
		<email>bbusen6@cdc.gov</email>
		<gender>Female</gender>
		<phone_number>427-290-0841</phone_number>
		<address>529 Evergreen Junction</address>
		<city_id>14</city_id>
	</client>
	<client>
		<id>8</id>
		<first_name>Torrin</first_name>
		<last_name>Eaglesham</last_name>
		<email>teaglesham7@uol.com.br</email>
		<gender/>
		<phone_number/>
		<address/>
		<city_id/>
	</client>
	<client>
		<id>9</id>
		<first_name>Justine</first_name>
		<last_name>Beaglehole</last_name>
		<email>jbeaglehole8@icq.com</email>
		<gender>Female</gender>
		<phone_number>585-134-0775</phone_number>
		<address>40567 Twin Pines Drive</address>
		<city_id>7</city_id>
	</client>
	<client>
		<id>10</id>
		<first_name>Fritz</first_name>
		<last_name>Strapp</last_name>
		<email>fstrapp9@jugem.jp</email>
		<gender>Male</gender>
		<phone_number>799-276-4814</phone_number>
		<address>173 Loeprich Drive</address>
		<city_id>13</city_id>
	</client>
	<client>
		<id>11</id>
		<first_name>Beale</first_name>
		<last_name>McCandless</last_name>
		<email>bmccandlessa@google.co.uk</email>
		<gender/>
		<phone_number/>
		<address/>
		<city_id/>
	</client>
	<client>
		<id>12</id>
		<first_name>Celeste</first_name>
		<last_name>Rew</last_name>
		<email>crewb@technorati.com</email>
		<gender>Female</gender>
		<phone_number>135-338-6081</phone_number>
		<address>673 7th Road</address>
		<city_id>10</city_id>
	</client>
	<client>
		<id>13</id>
		<first_name>Tory</first_name>
		<last_name>Karlolczak</last_name>
		<email>tkarlolczakc@virginia.edu</email>
		<gender/>
		<phone_number/>
		<address/>
		<city_id/>
	</client>
	<client>
		<id>14</id>
		<first_name>Honey</first_name>
		<last_name>Squibbs</last_name>
		<email>hsquibbsd@about.com</email>
		<gender/>
		<phone_number/>
		<address/>
		<city_id/>
	</client>
	<client>
		<id>15</id>
		<first_name>Jere</first_name>
		<last_name>Cubbon</last_name>
		<email>jcubbone@facebook.com</email>
		<gender>Male</gender>
		<phone_number>342-444-8769</phone_number>
		<address>8 Bonner Court</address>
		<city_id>12</city_id>
	</client>
	<client>
		<id>16</id>
		<first_name>Margie</first_name>
		<last_name>Moyne</last_name>
		<email>mmoynef@howstuffworks.com</email>
		<gender>Female</gender>
		<phone_number>316-166-6383</phone_number>
		<address>7784 Dawn Point</address>
		<city_id>8</city_id>
	</client>
	<client>
		<id>17</id>
		<first_name>Menard</first_name>
		<last_name>Bullerwell</last_name>
		<email>mbullerwellg@wikipedia.org</email>
		<gender>Male</gender>
		<phone_number>555-134-1019</phone_number>
		<address>7 Amoth Drive</address>
		<city_id>2</city_id>
	</client>
	<client>
		<id>18</id>
		<first_name>Dorie</first_name>
		<last_name>Clough</last_name>
		<email>dcloughh@ezinearticles.com</email>
		<gender>Male</gender>
		<phone_number>706-801-9346</phone_number>
		<address>6 Butterfield Plaza</address>
		<city_id>2</city_id>
	</client>
	<client>
		<id>19</id>
		<first_name>Daffie</first_name>
		<last_name>Carnow</last_name>
		<email>dcarnowi@scientificamerican.com</email>
		<gender/>
		<phone_number/>
		<address/>
		<city_id/>
	</client>
	<client>
		<id>20</id>
		<first_name>Hamilton</first_name>
		<last_name>Cundey</last_name>
		<email>hcundeyj@census.gov</email>
		<gender>Male</gender>
		<phone_number>647-522-0899</phone_number>
		<address>2 Crescent Oaks Plaza</address>
		<city_id>12</city_id>
	</client>
	<client>
		<id>21</id>
		<first_name>Paco</first_name>
		<last_name>Simnell</last_name>
		<email>psimnellk@pagesperso-orange.fr</email>
		<gender>Male</gender>
		<phone_number>481-680-1543</phone_number>
		<address>3 Mitchell Trail</address>
		<city_id>11</city_id>
	</client>
	<client>
		<id>22</id>
		<first_name>Glynn</first_name>
		<last_name>Sieghart</last_name>
		<email>gsieghartl@xrea.com</email>
		<gender>Male</gender>
		<phone_number>626-625-9405</phone_number>
		<address>77 Ridgeway Point</address>
		<city_id>2</city_id>
	</client>
	<client>
		<id>23</id>
		<first_name>Micheal</first_name>
		<last_name>Livzey</last_name>
		<email>mlivzeym@gizmodo.com</email>
		<gender/>
		<phone_number/>
		<address/>
		<city_id/>
	</client>
	<client>
		<id>24</id>
		<first_name>Alfonso</first_name>
		<last_name>Keeves</last_name>
		<email>akeevesn@goo.gl</email>
		<gender>Male</gender>
		<phone_number>176-425-8984</phone_number>
		<address>0 Farmco Street</address>
		<city_id>3</city_id>
	</client>
	<client>
		<id>25</id>
		<first_name>Germain</first_name>
		<last_name>McNair</last_name>
		<email>gmcnairo@privacy.gov.au</email>
		<gender/>
		<phone_number/>
		<address/>
		<city_id/>
	</client>
	<client>
		<id>26</id>
		<first_name>Maryellen</first_name>
		<last_name>Ding</last_name>
		<email>mdingp@japanpost.jp</email>
		<gender>Female</gender>
		<phone_number>118-629-9113</phone_number>
		<address>06718 Gateway Court</address>
		<city_id>4</city_id>
	</client>
	<client>
		<id>27</id>
		<first_name>Daveen</first_name>
		<last_name>Rzehorz</last_name>
		<email>drzehorzq@walmart.com</email>
		<gender>Female</gender>
		<phone_number>725-477-3532</phone_number>
		<address>6480 Merchant Alley</address>
		<city_id>10</city_id>
	</client>
	<client>
		<id>28</id>
		<first_name>Della</first_name>
		<last_name>Stringer</last_name>
		<email>dstringerr@marketwatch.com</email>
		<gender>Female</gender>
		<phone_number>359-536-6154</phone_number>
		<address>154 Westport Court</address>
		<city_id>11</city_id>
	</client>
	<client>
		<id>29</id>
		<first_name>Dar</first_name>
		<last_name>Dootson</last_name>
		<email>ddootsons@psu.edu</email>
		<gender>Male</gender>
		<phone_number>436-138-6648</phone_number>
		<address>0 Westend Drive</address>
		<city_id>2</city_id>
	</client>
	<client>
		<id>30</id>
		<first_name>Larisa</first_name>
		<last_name>Zelake</last_name>
		<email>lzelaket@hhs.gov</email>
		<gender/>
		<phone_number/>
		<address/>
		<city_id/>
	</client>
	<client>
		<id>31</id>
		<first_name>Carole</first_name>
		<last_name>Ernke</last_name>
		<email>cernkeu@google.ca</email>
		<gender>Female</gender>
		<phone_number>902-238-9124</phone_number>
		<address>51 Novick Parkway</address>
		<city_id>7</city_id>
	</client>
	<client>
		<id>32</id>
		<first_name>Spencer</first_name>
		<last_name>Dacres</last_name>
		<email>sdacresv@fotki.com</email>
		<gender/>
		<phone_number/>
		<address/>
		<city_id/>
	</client>
	<client>
		<id>33</id>
		<first_name>Wenda</first_name>
		<last_name>Maggs</last_name>
		<email>wmaggsw@stanford.edu</email>
		<gender>Female</gender>
		<phone_number>464-957-0162</phone_number>
		<address>9 Victoria Junction</address>
		<city_id>8</city_id>
	</client>
	<client>
		<id>34</id>
		<first_name>Marcy</first_name>
		<last_name>Andrivot</last_name>
		<email>mandrivotx@ox.ac.uk</email>
		<gender>Female</gender>
		<phone_number>867-130-0947</phone_number>
		<address>58579 Melby Drive</address>
		<city_id>6</city_id>
	</client>
	<client>
		<id>35</id>
		<first_name>Angy</first_name>
		<last_name>Kerner</last_name>
		<email>akernery@wikispaces.com</email>
		<gender>Female</gender>
		<phone_number>276-713-7981</phone_number>
		<address>03 Melvin Avenue</address>
		<city_id>3</city_id>
	</client>
	<client>
		<id>36</id>
		<first_name>Mellisa</first_name>
		<last_name>Reckhouse</last_name>
		<email>mreckhousez@netvibes.com</email>
		<gender>Female</gender>
		<phone_number>945-179-9281</phone_number>
		<address>139 Forster Road</address>
		<city_id>14</city_id>
	</client>
	<client>
		<id>37</id>
		<first_name>Rayshell</first_name>
		<last_name>Scay</last_name>
		<email>rscay10@dagondesign.com</email>
		<gender>Female</gender>
		<phone_number>785-736-0054</phone_number>
		<address>06 Sycamore Circle</address>
		<city_id>15</city_id>
	</client>
	<client>
		<id>38</id>
		<first_name>Kimberli</first_name>
		<last_name>Duffin</last_name>
		<email>kduffin11@google.pl</email>
		<gender/>
		<phone_number/>
		<address/>
		<city_id/>
	</client>
	<client>
		<id>39</id>
		<first_name>Simon</first_name>
		<last_name>Bedberry</last_name>
		<email>sbedberry12@arstechnica.com</email>
		<gender>Male</gender>
		<phone_number>381-311-5047</phone_number>
		<address>54 Birchwood Junction</address>
		<city_id>3</city_id>
	</client>
	<client>
		<id>40</id>
		<first_name>Ardisj</first_name>
		<last_name>Andrei</last_name>
		<email>aandrei13@nymag.com</email>
		<gender>Female</gender>
		<phone_number>944-363-5959</phone_number>
		<address>58 Arkansas Parkway</address>
		<city_id>2</city_id>
	</client>
	<client>
		<id>41</id>
		<first_name>Kathrine</first_name>
		<last_name>Burrass</last_name>
		<email>kburrass14@liveinternet.ru</email>
		<gender>Female</gender>
		<phone_number>457-296-3270</phone_number>
		<address>53 Memorial Center</address>
		<city_id>9</city_id>
	</client>
	<client>
		<id>42</id>
		<first_name>Todd</first_name>
		<last_name>Cage</last_name>
		<email>tcage15@sfgate.com</email>
		<gender>Male</gender>
		<phone_number>599-899-6561</phone_number>
		<address>93474 Longview Park</address>
		<city_id>15</city_id>
	</client>
	<client>
		<id>43</id>
		<first_name>Diannne</first_name>
		<last_name>Longrigg</last_name>
		<email>dlongrigg16@google.com.br</email>
		<gender>Female</gender>
		<phone_number>680-895-4125</phone_number>
		<address>28710 Elka Street</address>
		<city_id>3</city_id>
	</client>
	<client>
		<id>44</id>
		<first_name>Ham</first_name>
		<last_name>Ybarra</last_name>
		<email>hybarra17@tripod.com</email>
		<gender>Male</gender>
		<phone_number>733-724-1515</phone_number>
		<address>10 Emmet Hill</address>
		<city_id>12</city_id>
	</client>
	<client>
		<id>45</id>
		<first_name>Elden</first_name>
		<last_name>Mourant</last_name>
		<email>emourant18@nymag.com</email>
		<gender>Male</gender>
		<phone_number>543-629-1350</phone_number>
		<address>25 Little Fleur Junction</address>
		<city_id>4</city_id>
	</client>
	<client>
		<id>46</id>
		<first_name>Phil</first_name>
		<last_name>Rieger</last_name>
		<email>prieger19@utexas.edu</email>
		<gender>Male</gender>
		<phone_number>480-173-3539</phone_number>
		<address>22 Almo Place</address>
		<city_id>6</city_id>
	</client>
	<client>
		<id>47</id>
		<first_name>Saunder</first_name>
		<last_name>Giovanetti</last_name>
		<email>sgiovanetti1a@phoca.cz</email>
		<gender>Male</gender>
		<phone_number>121-475-2330</phone_number>
		<address>60734 Russell Point</address>
		<city_id>2</city_id>
	</client>
	<client>
		<id>48</id>
		<first_name>Nickolas</first_name>
		<last_name>Epsly</last_name>
		<email>nepsly1b@marriott.com</email>
		<gender/>
		<phone_number/>
		<address/>
		<city_id/>
	</client>
	<client>
		<id>49</id>
		<first_name>Cale</first_name>
		<last_name>Stather</last_name>
		<email>cstather1c@gizmodo.com</email>
		<gender>Male</gender>
		<phone_number>246-888-3353</phone_number>
		<address>4818 Longview Terrace</address>
		<city_id>12</city_id>
	</client>
	<client>
		<id>50</id>
		<first_name>Zacharias</first_name>
		<last_name>Vreiberg</last_name>
		<email>zvreiberg1d@quantcast.com</email>
		<gender>Male</gender>
		<phone_number>330-438-0230</phone_number>
		<address>26 Bunting Circle</address>
		<city_id>11</city_id>
	</client>
	<client>
		<id>51</id>
		<first_name>Tomkin</first_name>
		<last_name>Crawford</last_name>
		<email>tcrawford1e@over-blog.com</email>
		<gender>Male</gender>
		<phone_number>563-659-5733</phone_number>
		<address>6 Beilfuss Road</address>
		<city_id>8</city_id>
	</client>
	<client>
		<id>52</id>
		<first_name>Katie</first_name>
		<last_name>Heasman</last_name>
		<email>kheasman1f@a8.net</email>
		<gender/>
		<phone_number/>
		<address/>
		<city_id/>
	</client>
	<client>
		<id>53</id>
		<first_name>Hadlee</first_name>
		<last_name>Seywood</last_name>
		<email>hseywood1g@yellowbook.com</email>
		<gender>Male</gender>
		<phone_number>252-863-6436</phone_number>
		<address>16142 Kipling Place</address>
		<city_id>1</city_id>
	</client>
	<client>
		<id>54</id>
		<first_name>Gayla</first_name>
		<last_name>Giacubo</last_name>
		<email>ggiacubo1h@gizmodo.com</email>
		<gender>Female</gender>
		<phone_number>527-427-8178</phone_number>
		<address>0478 Burning Wood Lane</address>
		<city_id>12</city_id>
	</client>
	<client>
		<id>55</id>
		<first_name>Rickert</first_name>
		<last_name>Healing</last_name>
		<email>rhealing1i@baidu.com</email>
		<gender/>
		<phone_number/>
		<address/>
		<city_id/>
	</client>
	<client>
		<id>56</id>
		<first_name>Rebeca</first_name>
		<last_name>Lynnitt</last_name>
		<email>rlynnitt1j@sbwire.com</email>
		<gender>Female</gender>
		<phone_number>110-224-6364</phone_number>
		<address>63284 Village Alley</address>
		<city_id>4</city_id>
	</client>
	<client>
		<id>57</id>
		<first_name>Rufe</first_name>
		<last_name>Kittles</last_name>
		<email>rkittles1k@google.de</email>
		<gender>Male</gender>
		<phone_number>325-882-6988</phone_number>
		<address>6 Bashford Way</address>
		<city_id>4</city_id>
	</client>
	<client>
		<id>58</id>
		<first_name>Keary</first_name>
		<last_name>Whitmarsh</last_name>
		<email>kwhitmarsh1l@wiley.com</email>
		<gender>Male</gender>
		<phone_number>684-561-3048</phone_number>
		<address>49892 Katie Court</address>
		<city_id>7</city_id>
	</client>
	<client>
		<id>59</id>
		<first_name>Gerhardt</first_name>
		<last_name>Jenner</last_name>
		<email>gjenner1m@hostgator.com</email>
		<gender>Male</gender>
		<phone_number>144-521-8166</phone_number>
		<address>50959 Mesta Circle</address>
		<city_id>14</city_id>
	</client>
	<client>
		<id>60</id>
		<first_name>Helena</first_name>
		<last_name>O'Ruane</last_name>
		<email>horuane1n@usda.gov</email>
		<gender>Female</gender>
		<phone_number>970-622-9293</phone_number>
		<address>590 Center Avenue</address>
		<city_id>2</city_id>
	</client>
	<client>
		<id>61</id>
		<first_name>Al</first_name>
		<last_name>Baggiani</last_name>
		<email>abaggiani1o@fda.gov</email>
		<gender>Male</gender>
		<phone_number>894-786-1017</phone_number>
		<address>5896 Bayside Crossing</address>
		<city_id>15</city_id>
	</client>
	<client>
		<id>62</id>
		<first_name>Thorpe</first_name>
		<last_name>Timmins</last_name>
		<email>ttimmins1p@loc.gov</email>
		<gender>Male</gender>
		<phone_number>451-906-1278</phone_number>
		<address>72 Ryan Plaza</address>
		<city_id>15</city_id>
	</client>
	<client>
		<id>63</id>
		<first_name>Parker</first_name>
		<last_name>Mecco</last_name>
		<email>pmecco1q@canalblog.com</email>
		<gender>Male</gender>
		<phone_number>261-336-0951</phone_number>
		<address>13 Milwaukee Park</address>
		<city_id>6</city_id>
	</client>
	<client>
		<id>64</id>
		<first_name>Selestina</first_name>
		<last_name>Creboe</last_name>
		<email>screboe1r@usnews.com</email>
		<gender>Female</gender>
		<phone_number>446-111-7469</phone_number>
		<address>0665 Ruskin Street</address>
		<city_id>13</city_id>
	</client>
	<client>
		<id>65</id>
		<first_name>Julio</first_name>
		<last_name>Forsdicke</last_name>
		<email>jforsdicke1s@usnews.com</email>
		<gender>Male</gender>
		<phone_number>619-849-4441</phone_number>
		<address>0199 Sunfield Alley</address>
		<city_id>15</city_id>
	</client>
	<client>
		<id>66</id>
		<first_name>Brandea</first_name>
		<last_name>MacPadene</last_name>
		<email>bmacpadene1t@redcross.org</email>
		<gender/>
		<phone_number/>
		<address/>
		<city_id/>
	</client>
	<client>
		<id>67</id>
		<first_name>Albina</first_name>
		<last_name>Asif</last_name>
		<email>aasif1u@addtoany.com</email>
		<gender>Female</gender>
		<phone_number>478-846-5616</phone_number>
		<address>717 Loftsgordon Plaza</address>
		<city_id>3</city_id>
	</client>
	<client>
		<id>68</id>
		<first_name>Staffard</first_name>
		<last_name>Mattisssen</last_name>
		<email>smattisssen1v@vkontakte.ru</email>
		<gender>Male</gender>
		<phone_number>484-240-5308</phone_number>
		<address>1822 Drewry Crossing</address>
		<city_id>11</city_id>
	</client>
	<client>
		<id>69</id>
		<first_name>Rosco</first_name>
		<last_name>Headley</last_name>
		<email>rheadley1w@rakuten.co.jp</email>
		<gender>Male</gender>
		<phone_number>686-563-4701</phone_number>
		<address>64 Dunning Road</address>
		<city_id>8</city_id>
	</client>
	<client>
		<id>70</id>
		<first_name>Olav</first_name>
		<last_name>Burtwell</last_name>
		<email>oburtwell1x@unc.edu</email>
		<gender>Male</gender>
		<phone_number>103-315-7496</phone_number>
		<address>561 Forster Way</address>
		<city_id>3</city_id>
	</client>
	<client>
		<id>71</id>
		<first_name>Lucienne</first_name>
		<last_name>Ealam</last_name>
		<email>lealam1y@apple.com</email>
		<gender>Female</gender>
		<phone_number>470-705-4672</phone_number>
		<address>3 Moulton Terrace</address>
		<city_id>11</city_id>
	</client>
	<client>
		<id>72</id>
		<first_name>Aeriel</first_name>
		<last_name>Leivers</last_name>
		<email>aleivers1z@buzzfeed.com</email>
		<gender>Female</gender>
		<phone_number>778-603-2642</phone_number>
		<address>84972 Macpherson Parkway</address>
		<city_id>13</city_id>
	</client>
	<client>
		<id>73</id>
		<first_name>Bertie</first_name>
		<last_name>Erasmus</last_name>
		<email>berasmus20@businessinsider.com</email>
		<gender>Male</gender>
		<phone_number>718-316-6573</phone_number>
		<address>947 Lakeland Drive</address>
		<city_id>11</city_id>
	</client>
	<client>
		<id>74</id>
		<first_name>Moria</first_name>
		<last_name>Marrill</last_name>
		<email>mmarrill21@sakura.ne.jp</email>
		<gender>Female</gender>
		<phone_number>596-762-7703</phone_number>
		<address>11 Cardinal Lane</address>
		<city_id>4</city_id>
	</client>
	<client>
		<id>75</id>
		<first_name>Harry</first_name>
		<last_name>Lared</last_name>
		<email>hlared22@weibo.com</email>
		<gender>Male</gender>
		<phone_number>862-847-1856</phone_number>
		<address>7 Merchant Terrace</address>
		<city_id>12</city_id>
	</client>
	<client>
		<id>76</id>
		<first_name>Sybila</first_name>
		<last_name>Caswell</last_name>
		<email>scaswell23@storify.com</email>
		<gender/>
		<phone_number/>
		<address/>
		<city_id/>
	</client>
	<client>
		<id>77</id>
		<first_name>Rivi</first_name>
		<last_name>Smitten</last_name>
		<email>rsmitten24@oaic.gov.au</email>
		<gender>Female</gender>
		<phone_number>891-947-5459</phone_number>
		<address>542 Tony Crossing</address>
		<city_id>15</city_id>
	</client>
	<client>
		<id>78</id>
		<first_name>Glynda</first_name>
		<last_name>Frie</last_name>
		<email>gfrie25@google.nl</email>
		<gender>Female</gender>
		<phone_number>980-765-2035</phone_number>
		<address>6 Judy Hill</address>
		<city_id>8</city_id>
	</client>
	<client>
		<id>79</id>
		<first_name>Ernest</first_name>
		<last_name>Kantor</last_name>
		<email>ekantor26@shinystat.com</email>
		<gender/>
		<phone_number/>
		<address/>
		<city_id/>
	</client>
	<client>
		<id>80</id>
		<first_name>Talbot</first_name>
		<last_name>Robart</last_name>
		<email>trobart27@mapquest.com</email>
		<gender>Male</gender>
		<phone_number>223-673-3328</phone_number>
		<address>7508 Southridge Parkway</address>
		<city_id>1</city_id>
	</client>
	<client>
		<id>81</id>
		<first_name>Sigfrid</first_name>
		<last_name>Beesey</last_name>
		<email>sbeesey28@telegraph.co.uk</email>
		<gender>Male</gender>
		<phone_number>759-114-2410</phone_number>
		<address>1 Roth Crossing</address>
		<city_id>7</city_id>
	</client>
	<client>
		<id>82</id>
		<first_name>Park</first_name>
		<last_name>Horick</last_name>
		<email>phorick29@forbes.com</email>
		<gender>Male</gender>
		<phone_number>983-461-9391</phone_number>
		<address>7 Lawn Plaza</address>
		<city_id>9</city_id>
	</client>
	<client>
		<id>83</id>
		<first_name>Albrecht</first_name>
		<last_name>Westerman</last_name>
		<email>awesterman2a@addthis.com</email>
		<gender>Male</gender>
		<phone_number>823-406-2014</phone_number>
		<address>738 Kings Street</address>
		<city_id>5</city_id>
	</client>
	<client>
		<id>84</id>
		<first_name>Frannie</first_name>
		<last_name>Plimmer</last_name>
		<email>fplimmer2b@youtu.be</email>
		<gender>Female</gender>
		<phone_number>872-920-1618</phone_number>
		<address>10 Artisan Way</address>
		<city_id>9</city_id>
	</client>
	<client>
		<id>85</id>
		<first_name>Gasparo</first_name>
		<last_name>Ascroft</last_name>
		<email>gascroft2c@nature.com</email>
		<gender>Male</gender>
		<phone_number>961-513-4448</phone_number>
		<address>846 West Park</address>
		<city_id>1</city_id>
	</client>
	<client>
		<id>86</id>
		<first_name>Fran</first_name>
		<last_name>Britch</last_name>
		<email>fbritch2d@hud.gov</email>
		<gender>Male</gender>
		<phone_number>437-399-3536</phone_number>
		<address>10393 Dovetail Court</address>
		<city_id>12</city_id>
	</client>
	<client>
		<id>87</id>
		<first_name>Osgood</first_name>
		<last_name>Leathard</last_name>
		<email>oleathard2e@dropbox.com</email>
		<gender/>
		<phone_number/>
		<address/>
		<city_id/>
	</client>
	<client>
		<id>88</id>
		<first_name>Carina</first_name>
		<last_name>MacCheyne</last_name>
		<email>cmaccheyne2f@archive.org</email>
		<gender/>
		<phone_number/>
		<address/>
		<city_id/>
	</client>
	<client>
		<id>89</id>
		<first_name>Minnaminnie</first_name>
		<last_name>Celier</last_name>
		<email>mcelier2g@newsvine.com</email>
		<gender>Female</gender>
		<phone_number>809-176-9390</phone_number>
		<address>189 Anzinger Junction</address>
		<city_id>5</city_id>
	</client>
	<client>
		<id>90</id>
		<first_name>Fidel</first_name>
		<last_name>Osler</last_name>
		<email>fosler2h@lycos.com</email>
		<gender/>
		<phone_number/>
		<address/>
		<city_id/>
	</client>
	<client>
		<id>91</id>
		<first_name>Albie</first_name>
		<last_name>Deary</last_name>
		<email>adeary2i@imageshack.us</email>
		<gender>Male</gender>
		<phone_number>216-617-3420</phone_number>
		<address>41962 Mcbride Crossing</address>
		<city_id>12</city_id>
	</client>
	<client>
		<id>92</id>
		<first_name>Janka</first_name>
		<last_name>Lindwall</last_name>
		<email>jlindwall2j@facebook.com</email>
		<gender>Female</gender>
		<phone_number>927-713-5766</phone_number>
		<address>11090 Kedzie Street</address>
		<city_id>8</city_id>
	</client>
	<client>
		<id>93</id>
		<first_name>Craig</first_name>
		<last_name>Khomishin</last_name>
		<email>ckhomishin2k@bigcartel.com</email>
		<gender>Male</gender>
		<phone_number>990-504-7678</phone_number>
		<address>686 Cottonwood Way</address>
		<city_id>10</city_id>
	</client>
	<client>
		<id>94</id>
		<first_name>Aube</first_name>
		<last_name>Shemilt</last_name>
		<email>ashemilt2l@soundcloud.com</email>
		<gender/>
		<phone_number/>
		<address/>
		<city_id/>
	</client>
	<client>
		<id>95</id>
		<first_name>Brittne</first_name>
		<last_name>Schleicher</last_name>
		<email>bschleicher2m@lulu.com</email>
		<gender>Female</gender>
		<phone_number>147-511-6401</phone_number>
		<address>203 Becker Pass</address>
		<city_id>13</city_id>
	</client>
	<client>
		<id>96</id>
		<first_name>Alleen</first_name>
		<last_name>Syseland</last_name>
		<email>asyseland2n@quantcast.com</email>
		<gender/>
		<phone_number/>
		<address/>
		<city_id/>
	</client>
	<client>
		<id>97</id>
		<first_name>Nanete</first_name>
		<last_name>Placide</last_name>
		<email>nplacide2o@aol.com</email>
		<gender>Female</gender>
		<phone_number>404-331-9426</phone_number>
		<address>4 Drewry Street</address>
		<city_id>6</city_id>
	</client>
	<client>
		<id>98</id>
		<first_name>Terrie</first_name>
		<last_name>Siggens</last_name>
		<email>tsiggens2p@cnbc.com</email>
		<gender/>
		<phone_number/>
		<address/>
		<city_id/>
	</client>
	<client>
		<id>99</id>
		<first_name>Henderson</first_name>
		<last_name>Robbie</last_name>
		<email>hrobbie2q@tamu.edu</email>
		<gender>Male</gender>
		<phone_number>878-285-5741</phone_number>
		<address>51 Clove Parkway</address>
		<city_id>3</city_id>
	</client>
	<client>
		<id>100</id>
		<first_name>Mayne</first_name>
		<last_name>Rickman</last_name>
		<email>mrickman2r@joomla.org</email>
		<gender>Male</gender>
		<phone_number>153-624-3032</phone_number>
		<address>73607 Lakewood Park</address>
		<city_id>10</city_id>
	</client>
	<client>
		<id>101</id>
		<first_name>Brittaney</first_name>
		<last_name>Bullant</last_name>
		<email>bbullant2s@sourceforge.net</email>
		<gender>Female</gender>
		<phone_number>738-617-2257</phone_number>
		<address>45 Maryland Lane</address>
		<city_id>6</city_id>
	</client>
	<client>
		<id>102</id>
		<first_name>Jacques</first_name>
		<last_name>Waudby</last_name>
		<email>jwaudby2t@unicef.org</email>
		<gender>Male</gender>
		<phone_number>993-817-8914</phone_number>
		<address>37613 Buena Vista Place</address>
		<city_id>9</city_id>
	</client>
	<client>
		<id>103</id>
		<first_name>Reid</first_name>
		<last_name>Stavers</last_name>
		<email>rstavers2u@miitbeian.gov.cn</email>
		<gender>Male</gender>
		<phone_number>437-793-7634</phone_number>
		<address>7740 Clarendon Pass</address>
		<city_id>9</city_id>
	</client>
	<client>
		<id>104</id>
		<first_name>Coleman</first_name>
		<last_name>Polglaze</last_name>
		<email>cpolglaze2v@ebay.com</email>
		<gender/>
		<phone_number/>
		<address/>
		<city_id/>
	</client>
	<client>
		<id>105</id>
		<first_name>Beckie</first_name>
		<last_name>Sedgemond</last_name>
		<email>bsedgemond2w@businesswire.com</email>
		<gender>Female</gender>
		<phone_number>133-694-9557</phone_number>
		<address>4 Trailsway Street</address>
		<city_id>9</city_id>
	</client>
	<client>
		<id>106</id>
		<first_name>Kamillah</first_name>
		<last_name>Croft</last_name>
		<email>kcroft2x@upenn.edu</email>
		<gender>Female</gender>
		<phone_number>389-680-7279</phone_number>
		<address>13 Garrison Crossing</address>
		<city_id>7</city_id>
	</client>
	<client>
		<id>107</id>
		<first_name>Egon</first_name>
		<last_name>Pietesch</last_name>
		<email>epietesch2y@miitbeian.gov.cn</email>
		<gender>Male</gender>
		<phone_number>550-213-5851</phone_number>
		<address>0916 Lien Road</address>
		<city_id>10</city_id>
	</client>
	<client>
		<id>108</id>
		<first_name>Kincaid</first_name>
		<last_name>Nears</last_name>
		<email>knears2z@state.gov</email>
		<gender>Male</gender>
		<phone_number>257-656-1414</phone_number>
		<address>69565 Carberry Lane</address>
		<city_id>12</city_id>
	</client>
	<client>
		<id>109</id>
		<first_name>Blayne</first_name>
		<last_name>Laugherane</last_name>
		<email>blaugherane30@about.me</email>
		<gender>Male</gender>
		<phone_number>287-911-5206</phone_number>
		<address>16246 Barnett Crossing</address>
		<city_id>7</city_id>
	</client>
	<client>
		<id>110</id>
		<first_name>Fabiano</first_name>
		<last_name>Sorsby</last_name>
		<email>fsorsby31@barnesandnoble.com</email>
		<gender>Male</gender>
		<phone_number>951-714-3851</phone_number>
		<address>18 Center Center</address>
		<city_id>14</city_id>
	</client>
	<client>
		<id>111</id>
		<first_name>Delmore</first_name>
		<last_name>Glassup</last_name>
		<email>dglassup32@toplist.cz</email>
		<gender>Male</gender>
		<phone_number>115-933-2795</phone_number>
		<address>53 Knutson Hill</address>
		<city_id>13</city_id>
	</client>
	<client>
		<id>112</id>
		<first_name>Korrie</first_name>
		<last_name>De Pietri</last_name>
		<email>kdepietri33@netscape.com</email>
		<gender>Female</gender>
		<phone_number>381-400-2201</phone_number>
		<address>74641 Arizona Pass</address>
		<city_id>2</city_id>
	</client>
	<client>
		<id>113</id>
		<first_name>Kaela</first_name>
		<last_name>Sevier</last_name>
		<email>ksevier34@google.co.uk</email>
		<gender>Female</gender>
		<phone_number>770-831-3420</phone_number>
		<address>794 Lukken Way</address>
		<city_id>13</city_id>
	</client>
	<client>
		<id>114</id>
		<first_name>Wayne</first_name>
		<last_name>Wrotchford</last_name>
		<email>wwrotchford35@51.la</email>
		<gender>Male</gender>
		<phone_number>322-799-7085</phone_number>
		<address>307 Eagan Way</address>
		<city_id>9</city_id>
	</client>
	<client>
		<id>115</id>
		<first_name>Sheelagh</first_name>
		<last_name>Trolley</last_name>
		<email>strolley36@163.com</email>
		<gender>Female</gender>
		<phone_number>202-137-7927</phone_number>
		<address>3 Westridge Crossing</address>
		<city_id>1</city_id>
	</client>
	<client>
		<id>116</id>
		<first_name>Isaak</first_name>
		<last_name>Baskeyfield</last_name>
		<email>ibaskeyfield37@sfgate.com</email>
		<gender>Male</gender>
		<phone_number>798-266-9295</phone_number>
		<address>491 Fairfield Parkway</address>
		<city_id>3</city_id>
	</client>
	<client>
		<id>117</id>
		<first_name>Novelia</first_name>
		<last_name>Leaman</last_name>
		<email>nleaman38@timesonline.co.uk</email>
		<gender/>
		<phone_number/>
		<address/>
		<city_id/>
	</client>
	<client>
		<id>118</id>
		<first_name>Adan</first_name>
		<last_name>Larrie</last_name>
		<email>alarrie39@merriam-webster.com</email>
		<gender>Male</gender>
		<phone_number>364-164-8583</phone_number>
		<address>9454 West Avenue</address>
		<city_id>11</city_id>
	</client>
	<client>
		<id>119</id>
		<first_name>Garth</first_name>
		<last_name>Checo</last_name>
		<email>gcheco3a@instagram.com</email>
		<gender>Male</gender>
		<phone_number>181-832-9428</phone_number>
		<address>92 Commercial Alley</address>
		<city_id>10</city_id>
	</client>
	<client>
		<id>120</id>
		<first_name>Marney</first_name>
		<last_name>Straneo</last_name>
		<email>mstraneo3b@yale.edu</email>
		<gender>Female</gender>
		<phone_number>987-864-1065</phone_number>
		<address>92 Fremont Avenue</address>
		<city_id>9</city_id>
	</client>
	<client>
		<id>121</id>
		<first_name>Elsi</first_name>
		<last_name>Cordon</last_name>
		<email>ecordon3c@exblog.jp</email>
		<gender>Female</gender>
		<phone_number>306-223-0459</phone_number>
		<address>96 Farragut Crossing</address>
		<city_id>9</city_id>
	</client>
	<client>
		<id>122</id>
		<first_name>Adella</first_name>
		<last_name>Folkes</last_name>
		<email>afolkes3d@smugmug.com</email>
		<gender>Female</gender>
		<phone_number>374-153-7916</phone_number>
		<address>7044 Mockingbird Avenue</address>
		<city_id>10</city_id>
	</client>
	<client>
		<id>123</id>
		<first_name>Alphonse</first_name>
		<last_name>Addess</last_name>
		<email>aaddess3e@amazon.de</email>
		<gender>Male</gender>
		<phone_number>787-841-9946</phone_number>
		<address>020 Oak Parkway</address>
		<city_id>8</city_id>
	</client>
	<client>
		<id>124</id>
		<first_name>Lanie</first_name>
		<last_name>De Meyer</last_name>
		<email>ldemeyer3f@apache.org</email>
		<gender>Male</gender>
		<phone_number>994-944-9244</phone_number>
		<address>921 Continental Terrace</address>
		<city_id>12</city_id>
	</client>
	<client>
		<id>125</id>
		<first_name>Jaquenetta</first_name>
		<last_name>Labrow</last_name>
		<email>jlabrow3g@webnode.com</email>
		<gender>Female</gender>
		<phone_number>282-190-9142</phone_number>
		<address>831 Dorton Parkway</address>
		<city_id>15</city_id>
	</client>
	<client>
		<id>126</id>
		<first_name>Lia</first_name>
		<last_name>Dolley</last_name>
		<email>ldolley3h@blinklist.com</email>
		<gender>Female</gender>
		<phone_number>214-846-4259</phone_number>
		<address>18834 Amoth Pass</address>
		<city_id>9</city_id>
	</client>
	<client>
		<id>127</id>
		<first_name>Gabriel</first_name>
		<last_name>Droghan</last_name>
		<email>gdroghan3i@angelfire.com</email>
		<gender/>
		<phone_number/>
		<address/>
		<city_id/>
	</client>
	<client>
		<id>128</id>
		<first_name>Chickie</first_name>
		<last_name>Houlston</last_name>
		<email>choulston3j@guardian.co.uk</email>
		<gender>Male</gender>
		<phone_number>496-507-6854</phone_number>
		<address>879 Alpine Avenue</address>
		<city_id>6</city_id>
	</client>
	<client>
		<id>129</id>
		<first_name>Chery</first_name>
		<last_name>Stangoe</last_name>
		<email>cstangoe3k@bandcamp.com</email>
		<gender>Female</gender>
		<phone_number>965-818-8721</phone_number>
		<address>89303 Spaight Trail</address>
		<city_id>5</city_id>
	</client>
	<client>
		<id>130</id>
		<first_name>Chris</first_name>
		<last_name>Goodbanne</last_name>
		<email>cgoodbanne3l@hexun.com</email>
		<gender>Male</gender>
		<phone_number>878-319-1155</phone_number>
		<address>15 Hayes Road</address>
		<city_id>13</city_id>
	</client>
	<client>
		<id>131</id>
		<first_name>Chelsae</first_name>
		<last_name>Caddens</last_name>
		<email>ccaddens3m@amazon.co.jp</email>
		<gender>Female</gender>
		<phone_number>782-982-9780</phone_number>
		<address>31 Fordem Place</address>
		<city_id>8</city_id>
	</client>
	<client>
		<id>132</id>
		<first_name>Graig</first_name>
		<last_name>Hull</last_name>
		<email>ghull3n@ezinearticles.com</email>
		<gender>Male</gender>
		<phone_number>695-930-5252</phone_number>
		<address>69966 Schiller Drive</address>
		<city_id>9</city_id>
	</client>
	<client>
		<id>133</id>
		<first_name>Frieda</first_name>
		<last_name>Leppard</last_name>
		<email>fleppard3o@ebay.co.uk</email>
		<gender>Female</gender>
		<phone_number>503-836-8673</phone_number>
		<address>176 Pine View Drive</address>
		<city_id>15</city_id>
	</client>
	<client>
		<id>134</id>
		<first_name>Natasha</first_name>
		<last_name>Summersett</last_name>
		<email>nsummersett3p@storify.com</email>
		<gender>Female</gender>
		<phone_number>133-178-9818</phone_number>
		<address>244 Upham Lane</address>
		<city_id>12</city_id>
	</client>
	<client>
		<id>135</id>
		<first_name>Joyous</first_name>
		<last_name>Seeks</last_name>
		<email>jseeks3q@upenn.edu</email>
		<gender>Female</gender>
		<phone_number>749-446-3413</phone_number>
		<address>041 Judy Alley</address>
		<city_id>13</city_id>
	</client>
	<client>
		<id>136</id>
		<first_name>Larissa</first_name>
		<last_name>Torra</last_name>
		<email>ltorra3r@yellowbook.com</email>
		<gender>Female</gender>
		<phone_number>896-214-6371</phone_number>
		<address>5403 Thompson Trail</address>
		<city_id>14</city_id>
	</client>
	<client>
		<id>137</id>
		<first_name>Ede</first_name>
		<last_name>Vergo</last_name>
		<email>evergo3s@google.it</email>
		<gender>Female</gender>
		<phone_number>130-472-1419</phone_number>
		<address>324 Meadow Ridge Crossing</address>
		<city_id>5</city_id>
	</client>
	<client>
		<id>138</id>
		<first_name>Maury</first_name>
		<last_name>Feirn</last_name>
		<email>mfeirn3t@miibeian.gov.cn</email>
		<gender>Male</gender>
		<phone_number>976-688-8695</phone_number>
		<address>201 Atwood Hill</address>
		<city_id>9</city_id>
	</client>
	<client>
		<id>139</id>
		<first_name>Haskel</first_name>
		<last_name>Mibourne</last_name>
		<email>hmibourne3u@berkeley.edu</email>
		<gender/>
		<phone_number/>
		<address/>
		<city_id/>
	</client>
	<client>
		<id>140</id>
		<first_name>Maurise</first_name>
		<last_name>Clipston</last_name>
		<email>mclipston3v@youtu.be</email>
		<gender>Female</gender>
		<phone_number>167-642-6320</phone_number>
		<address>407 Messerschmidt Point</address>
		<city_id>15</city_id>
	</client>
	<client>
		<id>141</id>
		<first_name>Prentiss</first_name>
		<last_name>Mateiko</last_name>
		<email>pmateiko3w@exblog.jp</email>
		<gender/>
		<phone_number/>
		<address/>
		<city_id/>
	</client>
	<client>
		<id>142</id>
		<first_name>Roman</first_name>
		<last_name>Lenoir</last_name>
		<email>rlenoir3x@stumbleupon.com</email>
		<gender>Male</gender>
		<phone_number>963-961-5258</phone_number>
		<address>8 Ludington Avenue</address>
		<city_id>9</city_id>
	</client>
	<client>
		<id>143</id>
		<first_name>Adelaida</first_name>
		<last_name>Albone</last_name>
		<email>aalbone3y@theguardian.com</email>
		<gender/>
		<phone_number/>
		<address/>
		<city_id/>
	</client>
	<client>
		<id>144</id>
		<first_name>Sollie</first_name>
		<last_name>Hayller</last_name>
		<email>shayller3z@usda.gov</email>
		<gender>Male</gender>
		<phone_number>127-154-7522</phone_number>
		<address>49 La Follette Plaza</address>
		<city_id>1</city_id>
	</client>
	<client>
		<id>145</id>
		<first_name>Blake</first_name>
		<last_name>Sabatier</last_name>
		<email>bsabatier40@angelfire.com</email>
		<gender>Male</gender>
		<phone_number>717-167-9269</phone_number>
		<address>0 Huxley Crossing</address>
		<city_id>8</city_id>
	</client>
	<client>
		<id>146</id>
		<first_name>Melisa</first_name>
		<last_name>Mulvey</last_name>
		<email>mmulvey41@jugem.jp</email>
		<gender>Female</gender>
		<phone_number>659-220-3878</phone_number>
		<address>852 Linden Hill</address>
		<city_id>13</city_id>
	</client>
	<client>
		<id>147</id>
		<first_name>Marika</first_name>
		<last_name>Sykes</last_name>
		<email>msykes42@wordpress.com</email>
		<gender>Female</gender>
		<phone_number>608-763-3694</phone_number>
		<address>78 Birchwood Road</address>
		<city_id>11</city_id>
	</client>
	<client>
		<id>148</id>
		<first_name>Jerry</first_name>
		<last_name>Allgood</last_name>
		<email>jallgood43@ox.ac.uk</email>
		<gender>Female</gender>
		<phone_number>720-157-9140</phone_number>
		<address>05 East Street</address>
		<city_id>13</city_id>
	</client>
	<client>
		<id>149</id>
		<first_name>Dareen</first_name>
		<last_name>Chadband</last_name>
		<email>dchadband44@devhub.com</email>
		<gender>Female</gender>
		<phone_number>386-493-5336</phone_number>
		<address>7 Summit Point</address>
		<city_id>9</city_id>
	</client>
	<client>
		<id>150</id>
		<first_name>Jervis</first_name>
		<last_name>Partner</last_name>
		<email>jpartner45@house.gov</email>
		<gender>Male</gender>
		<phone_number>835-672-3762</phone_number>
		<address>38 Ronald Regan Parkway</address>
		<city_id>6</city_id>
	</client>
	<client>
		<id>151</id>
		<first_name>Olivier</first_name>
		<last_name>De Roeck</last_name>
		<email>oderoeck46@domainmarket.com</email>
		<gender/>
		<phone_number/>
		<address/>
		<city_id/>
	</client>
	<client>
		<id>152</id>
		<first_name>Harry</first_name>
		<last_name>Sprowell</last_name>
		<email>hsprowell47@marriott.com</email>
		<gender>Male</gender>
		<phone_number>224-941-3460</phone_number>
		<address>8 Randy Park</address>
		<city_id>2</city_id>
	</client>
	<client>
		<id>153</id>
		<first_name>Ronald</first_name>
		<last_name>Scotchforth</last_name>
		<email>rscotchforth48@dion.ne.jp</email>
		<gender/>
		<phone_number/>
		<address/>
		<city_id/>
	</client>
	<client>
		<id>154</id>
		<first_name>Bebe</first_name>
		<last_name>Brant</last_name>
		<email>bbrant49@icio.us</email>
		<gender>Female</gender>
		<phone_number>447-242-4155</phone_number>
		<address>1311 Hayes Parkway</address>
		<city_id>8</city_id>
	</client>
	<client>
		<id>155</id>
		<first_name>Cassaundra</first_name>
		<last_name>Kryska</last_name>
		<email>ckryska4a@opensource.org</email>
		<gender>Female</gender>
		<phone_number>517-911-2629</phone_number>
		<address>87574 Menomonie Circle</address>
		<city_id>5</city_id>
	</client>
	<client>
		<id>156</id>
		<first_name>Stacia</first_name>
		<last_name>Callingham</last_name>
		<email>scallingham4b@ning.com</email>
		<gender>Female</gender>
		<phone_number>552-629-5735</phone_number>
		<address>1093 Corscot Junction</address>
		<city_id>10</city_id>
	</client>
	<client>
		<id>157</id>
		<first_name>Rafaello</first_name>
		<last_name>MacKibbon</last_name>
		<email>rmackibbon4c@scientificamerican.com</email>
		<gender>Male</gender>
		<phone_number>397-350-3269</phone_number>
		<address>116 Talisman Place</address>
		<city_id>14</city_id>
	</client>
</clients>